county,originState,inboundFromState,population,nonMovers,domesticMovers,withinSameCounty,differentCounty,differentState,differentCountry
Beaverhead,Alaska,17,9397,7358,1937,891,440,606,102
Beaverhead,Arizona,55,9397,7358,1937,891,440,606,102
Beaverhead,California,12,9397,7358,1937,891,440,606,102
Beaverhead,Colorado,17,9397,7358,1937,891,440,606,102
Beaverhead,Hawaii,5,9397,7358,1937,891,440,606,102
Beaverhead,Idaho,45,9397,7358,1937,891,440,606,102
Beaverhead,Illinois,52,9397,7358,1937,891,440,606,102
Beaverhead,Indiana,24,9397,7358,1937,891,440,606,102
Beaverhead,Kentucky,9,9397,7358,1937,891,440,606,102
Beaverhead,Missouri,11,9397,7358,1937,891,440,606,102
Beaverhead,Montana,440,9397,7358,1937,891,440,606,102
Beaverhead,Nevada,116,9397,7358,1937,891,440,606,102
Beaverhead,New York,2,9397,7358,1937,891,440,606,102
Beaverhead,North Dakota,6,9397,7358,1937,891,440,606,102
Beaverhead,Oregon,58,9397,7358,1937,891,440,606,102
Beaverhead,Pennsylvania,15,9397,7358,1937,891,440,606,102
Beaverhead,South Dakota,13,9397,7358,1937,891,440,606,102
Beaverhead,Texas,41,9397,7358,1937,891,440,606,102
Beaverhead,Utah,7,9397,7358,1937,891,440,606,102
Beaverhead,Virginia,5,9397,7358,1937,891,440,606,102
Beaverhead,Washington,74,9397,7358,1937,891,440,606,102
Beaverhead,Wyoming,22,9397,7358,1937,891,440,606,102
Beaverhead,Asia,58,9397,7358,1937,891,440,606,102
Beaverhead,Central America,44,9397,7358,1937,891,440,606,102
Big Horn,Arkansas,15,12964,12122,807,454,103,250,35
Big Horn,California,48,12964,12122,807,454,103,250,35
Big Horn,Florida,2,12964,12122,807,454,103,250,35
Big Horn,Hawaii,63,12964,12122,807,454,103,250,35
Big Horn,Montana,103,12964,12122,807,454,103,250,35
Big Horn,North Carolina,4,12964,12122,807,454,103,250,35
Big Horn,North Dakota,11,12964,12122,807,454,103,250,35
Big Horn,Oregon,1,12964,12122,807,454,103,250,35
Big Horn,South Dakota,4,12964,12122,807,454,103,250,35
Big Horn,Texas,1,12964,12122,807,454,103,250,35
Big Horn,Washington,9,12964,12122,807,454,103,250,35
Big Horn,Wisconsin,16,12964,12122,807,454,103,250,35
Big Horn,Wyoming,76,12964,12122,807,454,103,250,35
Big Horn,Oceania and At Sea,35,12964,12122,807,454,103,250,35
Blaine,California,1,6906,6270,636,385,197,54,
Blaine,Montana,197,6906,6270,636,385,197,54,
Blaine,North Dakota,25,6906,6270,636,385,197,54,
Blaine,Oklahoma,22,6906,6270,636,385,197,54,
Blaine,Washington,6,6906,6270,636,385,197,54,
Broadwater,California,174,6872,5850,1007,224,431,352,15
Broadwater,Florida,28,6872,5850,1007,224,431,352,15
Broadwater,Montana,431,6872,5850,1007,224,431,352,15
Broadwater,Nevada,12,6872,5850,1007,224,431,352,15
Broadwater,Oregon,38,6872,5850,1007,224,431,352,15
Broadwater,Texas,12,6872,5850,1007,224,431,352,15
Broadwater,Washington,36,6872,5850,1007,224,431,352,15
Broadwater,Wisconsin,21,6872,5850,1007,224,431,352,15
Broadwater,Wyoming,31,6872,5850,1007,224,431,352,15
Broadwater,Europe,15,6872,5850,1007,224,431,352,15
Carbon,California,5,10573,9820,738,379,145,214,15
Carbon,District of Columbia,4,10573,9820,738,379,145,214,15
Carbon,Georgia,13,10573,9820,738,379,145,214,15
Carbon,Idaho,13,10573,9820,738,379,145,214,15
Carbon,Minnesota,55,10573,9820,738,379,145,214,15
Carbon,Missouri,3,10573,9820,738,379,145,214,15
Carbon,Montana,145,10573,9820,738,379,145,214,15
Carbon,Nebraska,1,10573,9820,738,379,145,214,15
Carbon,New Jersey,2,10573,9820,738,379,145,214,15
Carbon,New York,7,10573,9820,738,379,145,214,15
Carbon,Pennsylvania,8,10573,9820,738,379,145,214,15
Carbon,Texas,2,10573,9820,738,379,145,214,15
Carbon,Utah,6,10573,9820,738,379,145,214,15
Carbon,Wyoming,95,10573,9820,738,379,145,214,15
Carbon,Asia,8,10573,9820,738,379,145,214,15
Carbon,Europe,4,10573,9820,738,379,145,214,15
Carbon,Oceania and At Sea,3,10573,9820,738,379,145,214,15
Carter,Colorado,25,1318,1201,117,10,51,56,
Carter,Missouri,2,1318,1201,117,10,51,56,
Carter,Montana,51,1318,1201,117,10,51,56,
Carter,Oregon,4,1318,1201,117,10,51,56,
Carter,South Dakota,7,1318,1201,117,10,51,56,
Carter,Wyoming,18,1318,1201,117,10,51,56,
Cascade,Alabama,9,82956,68347,14317,8230,2325,3762,292
Cascade,Alaska,233,82956,68347,14317,8230,2325,3762,292
Cascade,Arizona,31,82956,68347,14317,8230,2325,3762,292
Cascade,California,261,82956,68347,14317,8230,2325,3762,292
Cascade,Colorado,150,82956,68347,14317,8230,2325,3762,292
Cascade,District of Columbia,7,82956,68347,14317,8230,2325,3762,292
Cascade,Florida,267,82956,68347,14317,8230,2325,3762,292
Cascade,Georgia,135,82956,68347,14317,8230,2325,3762,292
Cascade,Hawaii,35,82956,68347,14317,8230,2325,3762,292
Cascade,Idaho,163,82956,68347,14317,8230,2325,3762,292
Cascade,Illinois,57,82956,68347,14317,8230,2325,3762,292
Cascade,Indiana,21,82956,68347,14317,8230,2325,3762,292
Cascade,Iowa,1,82956,68347,14317,8230,2325,3762,292
Cascade,Kansas,4,82956,68347,14317,8230,2325,3762,292
Cascade,Kentucky,21,82956,68347,14317,8230,2325,3762,292
Cascade,Louisiana,186,82956,68347,14317,8230,2325,3762,292
Cascade,Massachusetts,5,82956,68347,14317,8230,2325,3762,292
Cascade,Minnesota,30,82956,68347,14317,8230,2325,3762,292
Cascade,Mississippi,4,82956,68347,14317,8230,2325,3762,292
Cascade,Missouri,26,82956,68347,14317,8230,2325,3762,292
Cascade,Montana,2325,82956,68347,14317,8230,2325,3762,292
Cascade,Nebraska,14,82956,68347,14317,8230,2325,3762,292
Cascade,Nevada,75,82956,68347,14317,8230,2325,3762,292
Cascade,New Jersey,13,82956,68347,14317,8230,2325,3762,292
Cascade,New Mexico,138,82956,68347,14317,8230,2325,3762,292
Cascade,New York,220,82956,68347,14317,8230,2325,3762,292
Cascade,North Carolina,7,82956,68347,14317,8230,2325,3762,292
Cascade,North Dakota,455,82956,68347,14317,8230,2325,3762,292
Cascade,Ohio,2,82956,68347,14317,8230,2325,3762,292
Cascade,Oklahoma,28,82956,68347,14317,8230,2325,3762,292
Cascade,Oregon,102,82956,68347,14317,8230,2325,3762,292
Cascade,Pennsylvania,24,82956,68347,14317,8230,2325,3762,292
Cascade,South Carolina,24,82956,68347,14317,8230,2325,3762,292
Cascade,South Dakota,15,82956,68347,14317,8230,2325,3762,292
Cascade,Texas,384,82956,68347,14317,8230,2325,3762,292
Cascade,Utah,47,82956,68347,14317,8230,2325,3762,292
Cascade,Virginia,78,82956,68347,14317,8230,2325,3762,292
Cascade,Washington,306,82956,68347,14317,8230,2325,3762,292
Cascade,Wisconsin,8,82956,68347,14317,8230,2325,3762,292
Cascade,Wyoming,105,82956,68347,14317,8230,2325,3762,292
Cascade,Asia,130,82956,68347,14317,8230,2325,3762,292
Cascade,Europe,132,82956,68347,14317,8230,2325,3762,292
Cascade,U.S. Island Areas,28,82956,68347,14317,8230,2325,3762,292
Cascade,Northern America,2,82956,68347,14317,8230,2325,3762,292
Chouteau,California,186,5848,5144,642,134,174,334,62
Chouteau,Colorado,10,5848,5144,642,134,174,334,62
Chouteau,Kansas,16,5848,5144,642,134,174,334,62
Chouteau,Montana,174,5848,5144,642,134,174,334,62
Chouteau,Nebraska,52,5848,5144,642,134,174,334,62
Chouteau,Nevada,4,5848,5144,642,134,174,334,62
Chouteau,Ohio,5,5848,5144,642,134,174,334,62
Chouteau,Pennsylvania,5,5848,5144,642,134,174,334,62
Chouteau,South Dakota,8,5848,5144,642,134,174,334,62
Chouteau,Utah,33,5848,5144,642,134,174,334,62
Chouteau,Washington,15,5848,5144,642,134,174,334,62
Chouteau,Asia,56,5848,5144,642,134,174,334,62
Chouteau,Europe,6,5848,5144,642,134,174,334,62
Custer,Arkansas,1,11860,9990,1815,933,480,402,55
Custer,California,37,11860,9990,1815,933,480,402,55
Custer,Colorado,156,11860,9990,1815,933,480,402,55
Custer,Hawaii,4,11860,9990,1815,933,480,402,55
Custer,Idaho,14,11860,9990,1815,933,480,402,55
Custer,Missouri,4,11860,9990,1815,933,480,402,55
Custer,Montana,480,11860,9990,1815,933,480,402,55
Custer,Nevada,39,11860,9990,1815,933,480,402,55
Custer,North Dakota,6,11860,9990,1815,933,480,402,55
Custer,South Dakota,3,11860,9990,1815,933,480,402,55
Custer,Utah,6,11860,9990,1815,933,480,402,55
Custer,Washington,34,11860,9990,1815,933,480,402,55
Custer,Wyoming,98,11860,9990,1815,933,480,402,55
Custer,Africa,20,11860,9990,1815,933,480,402,55
Custer,Asia,18,11860,9990,1815,933,480,402,55
Custer,Central America,5,11860,9990,1815,933,480,402,55
Custer,Europe,5,11860,9990,1815,933,480,402,55
Custer,Northern America,4,11860,9990,1815,933,480,402,55
Custer,Oceania and At Sea,3,11860,9990,1815,933,480,402,55
Daniels,Arizona,18,1529,1462,67,25,17,25,
Daniels,Louisiana,7,1529,1462,67,25,17,25,
Daniels,Montana,17,1529,1462,67,25,17,25,
Dawson,Alabama,29,8778,7856,910,419,339,152,12
Dawson,Arizona,16,8778,7856,910,419,339,152,12
Dawson,Colorado,19,8778,7856,910,419,339,152,12
Dawson,Idaho,51,8778,7856,910,419,339,152,12
Dawson,Michigan,4,8778,7856,910,419,339,152,12
Dawson,Minnesota,6,8778,7856,910,419,339,152,12
Dawson,Missouri,2,8778,7856,910,419,339,152,12
Dawson,Montana,339,8778,7856,910,419,339,152,12
Dawson,North Dakota,4,8778,7856,910,419,339,152,12
Dawson,Utah,4,8778,7856,910,419,339,152,12
Dawson,Virginia,9,8778,7856,910,419,339,152,12
Dawson,Wisconsin,8,8778,7856,910,419,339,152,12
Dawson,Asia,1,8778,7856,910,419,339,152,12
Dawson,Northern America,11,8778,7856,910,419,339,152,12
Deer Lodge,Alabama,2,9352,7823,1505,389,798,318,24
Deer Lodge,Arizona,14,9352,7823,1505,389,798,318,24
Deer Lodge,California,10,9352,7823,1505,389,798,318,24
Deer Lodge,Colorado,55,9352,7823,1505,389,798,318,24
Deer Lodge,Florida,30,9352,7823,1505,389,798,318,24
Deer Lodge,Indiana,6,9352,7823,1505,389,798,318,24
Deer Lodge,Iowa,13,9352,7823,1505,389,798,318,24
Deer Lodge,Louisiana,5,9352,7823,1505,389,798,318,24
Deer Lodge,Missouri,4,9352,7823,1505,389,798,318,24
Deer Lodge,Montana,798,9352,7823,1505,389,798,318,24
Deer Lodge,New Jersey,10,9352,7823,1505,389,798,318,24
Deer Lodge,New Mexico,13,9352,7823,1505,389,798,318,24
Deer Lodge,New York,1,9352,7823,1505,389,798,318,24
Deer Lodge,South Carolina,21,9352,7823,1505,389,798,318,24
Deer Lodge,Utah,10,9352,7823,1505,389,798,318,24
Deer Lodge,Washington,110,9352,7823,1505,389,798,318,24
Deer Lodge,Wisconsin,7,9352,7823,1505,389,798,318,24
Deer Lodge,Wyoming,7,9352,7823,1505,389,798,318,24
Deer Lodge,Central America,9,9352,7823,1505,389,798,318,24
Deer Lodge,Europe,15,9352,7823,1505,389,798,318,24
Fallon,Arizona,29,2912,2687,216,73,30,113,9
Fallon,Colorado,4,2912,2687,216,73,30,113,9
Fallon,Montana,30,2912,2687,216,73,30,113,9
Fallon,New Mexico,37,2912,2687,216,73,30,113,9
Fallon,North Dakota,1,2912,2687,216,73,30,113,9
Fallon,Washington,1,2912,2687,216,73,30,113,9
Fallon,Wyoming,41,2912,2687,216,73,30,113,9
Fallon,Europe,2,2912,2687,216,73,30,113,9
Fallon,Northern America,7,2912,2687,216,73,30,113,9
Fergus,Arizona,26,11402,9722,1675,724,542,409,5
Fergus,Arkansas,10,11402,9722,1675,724,542,409,5
Fergus,California,161,11402,9722,1675,724,542,409,5
Fergus,Colorado,106,11402,9722,1675,724,542,409,5
Fergus,Idaho,6,11402,9722,1675,724,542,409,5
Fergus,Iowa,9,11402,9722,1675,724,542,409,5
Fergus,Kentucky,8,11402,9722,1675,724,542,409,5
Fergus,Minnesota,1,11402,9722,1675,724,542,409,5
Fergus,Montana,542,11402,9722,1675,724,542,409,5
Fergus,Nevada,2,11402,9722,1675,724,542,409,5
Fergus,North Carolina,4,11402,9722,1675,724,542,409,5
Fergus,North Dakota,32,11402,9722,1675,724,542,409,5
Fergus,Oregon,12,11402,9722,1675,724,542,409,5
Fergus,Texas,5,11402,9722,1675,724,542,409,5
Fergus,Washington,14,11402,9722,1675,724,542,409,5
Fergus,Wisconsin,4,11402,9722,1675,724,542,409,5
Fergus,Wyoming,9,11402,9722,1675,724,542,409,5
Fergus,Asia,1,11402,9722,1675,724,542,409,5
Fergus,Northern America,4,11402,9722,1675,724,542,409,5
Flathead,Alabama,161,104999,92001,12806,6982,1778,4046,192
Flathead,Alaska,101,104999,92001,12806,6982,1778,4046,192
Flathead,Arizona,99,104999,92001,12806,6982,1778,4046,192
Flathead,California,536,104999,92001,12806,6982,1778,4046,192
Flathead,Colorado,95,104999,92001,12806,6982,1778,4046,192
Flathead,Florida,191,104999,92001,12806,6982,1778,4046,192
Flathead,Georgia,83,104999,92001,12806,6982,1778,4046,192
Flathead,Hawaii,18,104999,92001,12806,6982,1778,4046,192
Flathead,Idaho,90,104999,92001,12806,6982,1778,4046,192
Flathead,Illinois,193,104999,92001,12806,6982,1778,4046,192
Flathead,Indiana,38,104999,92001,12806,6982,1778,4046,192
Flathead,Louisiana,68,104999,92001,12806,6982,1778,4046,192
Flathead,Michigan,7,104999,92001,12806,6982,1778,4046,192
Flathead,Minnesota,220,104999,92001,12806,6982,1778,4046,192
Flathead,Montana,1778,104999,92001,12806,6982,1778,4046,192
Flathead,Nevada,106,104999,92001,12806,6982,1778,4046,192
Flathead,New Jersey,86,104999,92001,12806,6982,1778,4046,192
Flathead,New York,34,104999,92001,12806,6982,1778,4046,192
Flathead,North Dakota,42,104999,92001,12806,6982,1778,4046,192
Flathead,Ohio,119,104999,92001,12806,6982,1778,4046,192
Flathead,Oregon,217,104999,92001,12806,6982,1778,4046,192
Flathead,Pennsylvania,10,104999,92001,12806,6982,1778,4046,192
Flathead,South Dakota,13,104999,92001,12806,6982,1778,4046,192
Flathead,Tennessee,7,104999,92001,12806,6982,1778,4046,192
Flathead,Texas,262,104999,92001,12806,6982,1778,4046,192
Flathead,Utah,60,104999,92001,12806,6982,1778,4046,192
Flathead,Vermont,10,104999,92001,12806,6982,1778,4046,192
Flathead,Virginia,39,104999,92001,12806,6982,1778,4046,192
Flathead,Washington,824,104999,92001,12806,6982,1778,4046,192
Flathead,Wisconsin,78,104999,92001,12806,6982,1778,4046,192
Flathead,Wyoming,219,104999,92001,12806,6982,1778,4046,192
Flathead,Africa,8,104999,92001,12806,6982,1778,4046,192
Flathead,Asia,50,104999,92001,12806,6982,1778,4046,192
Flathead,Europe,84,104999,92001,12806,6982,1778,4046,192
Flathead,Northern America,44,104999,92001,12806,6982,1778,4046,192
Flathead,Oceania and At Sea,6,104999,92001,12806,6982,1778,4046,192
Gallatin,Alabama,47,118494,95524,22239,11027,2843,8369,731
Gallatin,Alaska,103,118494,95524,22239,11027,2843,8369,731
Gallatin,Arizona,181,118494,95524,22239,11027,2843,8369,731
Gallatin,California,941,118494,95524,22239,11027,2843,8369,731
Gallatin,Colorado,1430,118494,95524,22239,11027,2843,8369,731
Gallatin,Florida,558,118494,95524,22239,11027,2843,8369,731
Gallatin,Georgia,63,118494,95524,22239,11027,2843,8369,731
Gallatin,Hawaii,15,118494,95524,22239,11027,2843,8369,731
Gallatin,Idaho,253,118494,95524,22239,11027,2843,8369,731
Gallatin,Illinois,87,118494,95524,22239,11027,2843,8369,731
Gallatin,Indiana,30,118494,95524,22239,11027,2843,8369,731
Gallatin,Iowa,5,118494,95524,22239,11027,2843,8369,731
Gallatin,Kansas,39,118494,95524,22239,11027,2843,8369,731
Gallatin,Louisiana,45,118494,95524,22239,11027,2843,8369,731
Gallatin,Maryland,6,118494,95524,22239,11027,2843,8369,731
Gallatin,Massachusetts,184,118494,95524,22239,11027,2843,8369,731
Gallatin,Michigan,130,118494,95524,22239,11027,2843,8369,731
Gallatin,Minnesota,692,118494,95524,22239,11027,2843,8369,731
Gallatin,Mississippi,25,118494,95524,22239,11027,2843,8369,731
Gallatin,Missouri,115,118494,95524,22239,11027,2843,8369,731
Gallatin,Montana,2843,118494,95524,22239,11027,2843,8369,731
Gallatin,Nebraska,754,118494,95524,22239,11027,2843,8369,731
Gallatin,Nevada,79,118494,95524,22239,11027,2843,8369,731
Gallatin,New Hampshire,17,118494,95524,22239,11027,2843,8369,731
Gallatin,New Jersey,31,118494,95524,22239,11027,2843,8369,731
Gallatin,New Mexico,49,118494,95524,22239,11027,2843,8369,731
Gallatin,New York,55,118494,95524,22239,11027,2843,8369,731
Gallatin,North Carolina,104,118494,95524,22239,11027,2843,8369,731
Gallatin,North Dakota,301,118494,95524,22239,11027,2843,8369,731
Gallatin,Ohio,53,118494,95524,22239,11027,2843,8369,731
Gallatin,Oklahoma,2,118494,95524,22239,11027,2843,8369,731
Gallatin,Oregon,250,118494,95524,22239,11027,2843,8369,731
Gallatin,Pennsylvania,68,118494,95524,22239,11027,2843,8369,731
Gallatin,South Carolina,81,118494,95524,22239,11027,2843,8369,731
Gallatin,South Dakota,21,118494,95524,22239,11027,2843,8369,731
Gallatin,Tennessee,121,118494,95524,22239,11027,2843,8369,731
Gallatin,Texas,189,118494,95524,22239,11027,2843,8369,731
Gallatin,Utah,150,118494,95524,22239,11027,2843,8369,731
Gallatin,Vermont,15,118494,95524,22239,11027,2843,8369,731
Gallatin,Virginia,10,118494,95524,22239,11027,2843,8369,731
Gallatin,Washington,544,118494,95524,22239,11027,2843,8369,731
Gallatin,Wisconsin,257,118494,95524,22239,11027,2843,8369,731
Gallatin,Wyoming,223,118494,95524,22239,11027,2843,8369,731
Gallatin,Africa,18,118494,95524,22239,11027,2843,8369,731
Gallatin,Asia,105,118494,95524,22239,11027,2843,8369,731
Gallatin,Central America,120,118494,95524,22239,11027,2843,8369,731
Gallatin,Europe,319,118494,95524,22239,11027,2843,8369,731
Gallatin,Northern America,5,118494,95524,22239,11027,2843,8369,731
Gallatin,Oceania and At Sea,112,118494,95524,22239,11027,2843,8369,731
Gallatin,South America,52,118494,95524,22239,11027,2843,8369,731
Garfield,Colorado,21,967,872,95,32,27,36,
Garfield,Iowa,9,967,872,95,32,27,36,
Garfield,Maine,6,967,872,95,32,27,36,
Garfield,Montana,27,967,872,95,32,27,36,
Glacier,Alaska,47,13564,11820,1722,741,612,369,22
Glacier,Arizona,2,13564,11820,1722,741,612,369,22
Glacier,California,24,13564,11820,1722,741,612,369,22
Glacier,Colorado,6,13564,11820,1722,741,612,369,22
Glacier,Florida,37,13564,11820,1722,741,612,369,22
Glacier,Hawaii,17,13564,11820,1722,741,612,369,22
Glacier,Idaho,31,13564,11820,1722,741,612,369,22
Glacier,Minnesota,17,13564,11820,1722,741,612,369,22
Glacier,Missouri,12,13564,11820,1722,741,612,369,22
Glacier,Montana,612,13564,11820,1722,741,612,369,22
Glacier,Oregon,77,13564,11820,1722,741,612,369,22
Glacier,Texas,4,13564,11820,1722,741,612,369,22
Glacier,Washington,24,13564,11820,1722,741,612,369,22
Glacier,Wyoming,22,13564,11820,1722,741,612,369,22
Glacier,Asia,22,13564,11820,1722,741,612,369,22
Golden Valley,Maryland,9,837,791,46,11,18,17,
Golden Valley,Montana,18,837,791,46,11,18,17,
Golden Valley,Ohio,2,837,791,46,11,18,17,
Golden Valley,Wyoming,6,837,791,46,11,18,17,
Granite,California,106,3368,2922,446,50,202,194,
Granite,Colorado,9,3368,2922,446,50,202,194,
Granite,Florida,33,3368,2922,446,50,202,194,
Granite,Idaho,6,3368,2922,446,50,202,194,
Granite,Missouri,22,3368,2922,446,50,202,194,
Granite,Montana,202,3368,2922,446,50,202,194,
Granite,Oregon,10,3368,2922,446,50,202,194,
Granite,Vermont,5,3368,2922,446,50,202,194,
Granite,Wisconsin,3,3368,2922,446,50,202,194,
Hill,Arizona,15,15990,14183,1776,901,633,242,31
Hill,California,11,15990,14183,1776,901,633,242,31
Hill,Colorado,4,15990,14183,1776,901,633,242,31
Hill,Idaho,54,15990,14183,1776,901,633,242,31
Hill,Indiana,12,15990,14183,1776,901,633,242,31
Hill,Michigan,9,15990,14183,1776,901,633,242,31
Hill,Montana,633,15990,14183,1776,901,633,242,31
Hill,Nevada,4,15990,14183,1776,901,633,242,31
Hill,New Mexico,16,15990,14183,1776,901,633,242,31
Hill,New York,34,15990,14183,1776,901,633,242,31
Hill,North Dakota,18,15990,14183,1776,901,633,242,31
Hill,Oregon,46,15990,14183,1776,901,633,242,31
Hill,Texas,5,15990,14183,1776,901,633,242,31
Hill,Washington,7,15990,14183,1776,901,633,242,31
Hill,Wisconsin,2,15990,14183,1776,901,633,242,31
Hill,Wyoming,5,15990,14183,1776,901,633,242,31
Hill,Asia,3,15990,14183,1776,901,633,242,31
Hill,South America,28,15990,14183,1776,901,633,242,31
Jefferson,Alaska,13,12172,10554,1577,349,955,273,41
Jefferson,California,11,12172,10554,1577,349,955,273,41
Jefferson,Florida,12,12172,10554,1577,349,955,273,41
Jefferson,Idaho,20,12172,10554,1577,349,955,273,41
Jefferson,Kansas,121,12172,10554,1577,349,955,273,41
Jefferson,Massachusetts,8,12172,10554,1577,349,955,273,41
Jefferson,Minnesota,14,12172,10554,1577,349,955,273,41
Jefferson,Montana,955,12172,10554,1577,349,955,273,41
Jefferson,Nevada,13,12172,10554,1577,349,955,273,41
Jefferson,Ohio,19,12172,10554,1577,349,955,273,41
Jefferson,Oregon,11,12172,10554,1577,349,955,273,41
Jefferson,Utah,3,12172,10554,1577,349,955,273,41
Jefferson,Washington,16,12172,10554,1577,349,955,273,41
Jefferson,Wyoming,12,12172,10554,1577,349,955,273,41
Jefferson,Asia,32,12172,10554,1577,349,955,273,41
Jefferson,Europe,9,12172,10554,1577,349,955,273,41
Judith Basin,Alabama,4,2017,1901,114,36,37,41,2
Judith Basin,California,14,2017,1901,114,36,37,41,2
Judith Basin,Mississippi,11,2017,1901,114,36,37,41,2
Judith Basin,Montana,37,2017,1901,114,36,37,41,2
Judith Basin,Oregon,4,2017,1901,114,36,37,41,2
Judith Basin,Virginia,1,2017,1901,114,36,37,41,2
Judith Basin,Washington,7,2017,1901,114,36,37,41,2
Judith Basin,Asia,1,2017,1901,114,36,37,41,2
Judith Basin,Europe,1,2017,1901,114,36,37,41,2
Lake,Alaska,10,31265,27005,4246,1768,1288,1190,14
Lake,Arizona,115,31265,27005,4246,1768,1288,1190,14
Lake,Arkansas,1,31265,27005,4246,1768,1288,1190,14
Lake,California,264,31265,27005,4246,1768,1288,1190,14
Lake,Colorado,17,31265,27005,4246,1768,1288,1190,14
Lake,Florida,74,31265,27005,4246,1768,1288,1190,14
Lake,Idaho,26,31265,27005,4246,1768,1288,1190,14
Lake,Indiana,2,31265,27005,4246,1768,1288,1190,14
Lake,Iowa,3,31265,27005,4246,1768,1288,1190,14
Lake,Kansas,10,31265,27005,4246,1768,1288,1190,14
Lake,Massachusetts,22,31265,27005,4246,1768,1288,1190,14
Lake,Minnesota,66,31265,27005,4246,1768,1288,1190,14
Lake,Montana,1288,31265,27005,4246,1768,1288,1190,14
Lake,Nebraska,14,31265,27005,4246,1768,1288,1190,14
Lake,Nevada,65,31265,27005,4246,1768,1288,1190,14
Lake,North Dakota,19,31265,27005,4246,1768,1288,1190,14
Lake,Oregon,28,31265,27005,4246,1768,1288,1190,14
Lake,Tennessee,21,31265,27005,4246,1768,1288,1190,14
Lake,Texas,14,31265,27005,4246,1768,1288,1190,14
Lake,Utah,45,31265,27005,4246,1768,1288,1190,14
Lake,Virginia,27,31265,27005,4246,1768,1288,1190,14
Lake,Washington,311,31265,27005,4246,1768,1288,1190,14
Lake,Wisconsin,22,31265,27005,4246,1768,1288,1190,14
Lake,Wyoming,14,31265,27005,4246,1768,1288,1190,14
Lake,Central America,10,31265,27005,4246,1768,1288,1190,14
Lake,South America,4,31265,27005,4246,1768,1288,1190,14
Lewis and Clark,Alabama,15,70613,60739,9736,5712,2037,1987,138
Lewis and Clark,Arizona,47,70613,60739,9736,5712,2037,1987,138
Lewis and Clark,California,218,70613,60739,9736,5712,2037,1987,138
Lewis and Clark,Colorado,219,70613,60739,9736,5712,2037,1987,138
Lewis and Clark,Florida,137,70613,60739,9736,5712,2037,1987,138
Lewis and Clark,Georgia,6,70613,60739,9736,5712,2037,1987,138
Lewis and Clark,Idaho,202,70613,60739,9736,5712,2037,1987,138
Lewis and Clark,Illinois,55,70613,60739,9736,5712,2037,1987,138
Lewis and Clark,Maryland,12,70613,60739,9736,5712,2037,1987,138
Lewis and Clark,Massachusetts,9,70613,60739,9736,5712,2037,1987,138
Lewis and Clark,Michigan,17,70613,60739,9736,5712,2037,1987,138
Lewis and Clark,Minnesota,28,70613,60739,9736,5712,2037,1987,138
Lewis and Clark,Missouri,10,70613,60739,9736,5712,2037,1987,138
Lewis and Clark,Montana,2037,70613,60739,9736,5712,2037,1987,138
Lewis and Clark,Nevada,73,70613,60739,9736,5712,2037,1987,138
Lewis and Clark,New Mexico,41,70613,60739,9736,5712,2037,1987,138
Lewis and Clark,New York,10,70613,60739,9736,5712,2037,1987,138
Lewis and Clark,Oregon,155,70613,60739,9736,5712,2037,1987,138
Lewis and Clark,Pennsylvania,12,70613,60739,9736,5712,2037,1987,138
Lewis and Clark,South Carolina,11,70613,60739,9736,5712,2037,1987,138
Lewis and Clark,South Dakota,31,70613,60739,9736,5712,2037,1987,138
Lewis and Clark,Tennessee,16,70613,60739,9736,5712,2037,1987,138
Lewis and Clark,Texas,36,70613,60739,9736,5712,2037,1987,138
Lewis and Clark,Utah,19,70613,60739,9736,5712,2037,1987,138
Lewis and Clark,Vermont,18,70613,60739,9736,5712,2037,1987,138
Lewis and Clark,Virginia,12,70613,60739,9736,5712,2037,1987,138
Lewis and Clark,Washington,384,70613,60739,9736,5712,2037,1987,138
Lewis and Clark,West Virginia,31,70613,60739,9736,5712,2037,1987,138
Lewis and Clark,Wisconsin,154,70613,60739,9736,5712,2037,1987,138
Lewis and Clark,Wyoming,9,70613,60739,9736,5712,2037,1987,138
Lewis and Clark,Asia,27,70613,60739,9736,5712,2037,1987,138
Lewis and Clark,Central America,3,70613,60739,9736,5712,2037,1987,138
Lewis and Clark,Europe,90,70613,60739,9736,5712,2037,1987,138
Lewis and Clark,South America,18,70613,60739,9736,5712,2037,1987,138
Liberty,Montana,30,1927,1728,199,62,30,107,
Liberty,Oregon,5,1927,1728,199,62,30,107,
Liberty,South Dakota,102,1927,1728,199,62,30,107,
Lincoln,Arkansas,21,20050,17846,2204,772,763,669,
Lincoln,California,23,20050,17846,2204,772,763,669,
Lincoln,Florida,57,20050,17846,2204,772,763,669,
Lincoln,Idaho,10,20050,17846,2204,772,763,669,
Lincoln,Illinois,48,20050,17846,2204,772,763,669,
Lincoln,Louisiana,69,20050,17846,2204,772,763,669,
Lincoln,Montana,763,20050,17846,2204,772,763,669,
Lincoln,Nevada,32,20050,17846,2204,772,763,669,
Lincoln,New Mexico,52,20050,17846,2204,772,763,669,
Lincoln,North Dakota,35,20050,17846,2204,772,763,669,
Lincoln,Ohio,90,20050,17846,2204,772,763,669,
Lincoln,Oregon,94,20050,17846,2204,772,763,669,
Lincoln,Texas,4,20050,17846,2204,772,763,669,
Lincoln,Utah,78,20050,17846,2204,772,763,669,
Lincoln,Washington,50,20050,17846,2204,772,763,669,
Lincoln,Wyoming,6,20050,17846,2204,772,763,669,
McCone,California,4,1710,1592,118,82,14,22,
McCone,Colorado,18,1710,1592,118,82,14,22,
McCone,Montana,14,1710,1592,118,82,14,22,
Madison,Arizona,15,8700,7396,1219,517,274,428,85
Madison,California,7,8700,7396,1219,517,274,428,85
Madison,Florida,34,8700,7396,1219,517,274,428,85
Madison,Georgia,2,8700,7396,1219,517,274,428,85
Madison,Hawaii,25,8700,7396,1219,517,274,428,85
Madison,Idaho,22,8700,7396,1219,517,274,428,85
Madison,Illinois,13,8700,7396,1219,517,274,428,85
Madison,Maine,19,8700,7396,1219,517,274,428,85
Madison,Michigan,46,8700,7396,1219,517,274,428,85
Madison,Montana,274,8700,7396,1219,517,274,428,85
Madison,New York,3,8700,7396,1219,517,274,428,85
Madison,North Carolina,17,8700,7396,1219,517,274,428,85
Madison,Oregon,16,8700,7396,1219,517,274,428,85
Madison,Texas,91,8700,7396,1219,517,274,428,85
Madison,Washington,77,8700,7396,1219,517,274,428,85
Madison,Wisconsin,23,8700,7396,1219,517,274,428,85
Madison,Wyoming,18,8700,7396,1219,517,274,428,85
Madison,Central America,25,8700,7396,1219,517,274,428,85
Madison,Europe,3,8700,7396,1219,517,274,428,85
Madison,South America,57,8700,7396,1219,517,274,428,85
Meagher,California,2,1923,1709,214,130,70,14,
Meagher,Montana,70,1923,1709,214,130,70,14,
Meagher,Nevada,12,1923,1709,214,130,70,14,
Mineral,Arizona,5,4615,4032,577,124,167,286,6
Mineral,California,38,4615,4032,577,124,167,286,6
Mineral,Idaho,25,4615,4032,577,124,167,286,6
Mineral,Minnesota,10,4615,4032,577,124,167,286,6
Mineral,Mississippi,8,4615,4032,577,124,167,286,6
Mineral,Missouri,9,4615,4032,577,124,167,286,6
Mineral,Montana,167,4615,4032,577,124,167,286,6
Mineral,Nevada,32,4615,4032,577,124,167,286,6
Mineral,Oregon,8,4615,4032,577,124,167,286,6
Mineral,Tennessee,14,4615,4032,577,124,167,286,6
Mineral,Texas,15,4615,4032,577,124,167,286,6
Mineral,Washington,122,4615,4032,577,124,167,286,6
Mineral,Asia,6,4615,4032,577,124,167,286,6
Missoula,Alaska,138,117483,94798,22033,11554,4596,5883,652
Missoula,Arizona,193,117483,94798,22033,11554,4596,5883,652
Missoula,California,545,117483,94798,22033,11554,4596,5883,652
Missoula,Colorado,226,117483,94798,22033,11554,4596,5883,652
Missoula,District of Columbia,7,117483,94798,22033,11554,4596,5883,652
Missoula,Florida,123,117483,94798,22033,11554,4596,5883,652
Missoula,Georgia,65,117483,94798,22033,11554,4596,5883,652
Missoula,Hawaii,69,117483,94798,22033,11554,4596,5883,652
Missoula,Idaho,733,117483,94798,22033,11554,4596,5883,652
Missoula,Illinois,189,117483,94798,22033,11554,4596,5883,652
Missoula,Iowa,39,117483,94798,22033,11554,4596,5883,652
Missoula,Kansas,4,117483,94798,22033,11554,4596,5883,652
Missoula,Kentucky,38,117483,94798,22033,11554,4596,5883,652
Missoula,Louisiana,260,117483,94798,22033,11554,4596,5883,652
Missoula,Maine,82,117483,94798,22033,11554,4596,5883,652
Missoula,Massachusetts,24,117483,94798,22033,11554,4596,5883,652
Missoula,Minnesota,46,117483,94798,22033,11554,4596,5883,652
Missoula,Mississippi,20,117483,94798,22033,11554,4596,5883,652
Missoula,Missouri,40,117483,94798,22033,11554,4596,5883,652
Missoula,Montana,4596,117483,94798,22033,11554,4596,5883,652
Missoula,Nebraska,82,117483,94798,22033,11554,4596,5883,652
Missoula,Nevada,464,117483,94798,22033,11554,4596,5883,652
Missoula,New Jersey,5,117483,94798,22033,11554,4596,5883,652
Missoula,New Mexico,12,117483,94798,22033,11554,4596,5883,652
Missoula,New York,65,117483,94798,22033,11554,4596,5883,652
Missoula,North Carolina,60,117483,94798,22033,11554,4596,5883,652
Missoula,North Dakota,65,117483,94798,22033,11554,4596,5883,652
Missoula,Ohio,122,117483,94798,22033,11554,4596,5883,652
Missoula,Oklahoma,6,117483,94798,22033,11554,4596,5883,652
Missoula,Oregon,561,117483,94798,22033,11554,4596,5883,652
Missoula,Pennsylvania,215,117483,94798,22033,11554,4596,5883,652
Missoula,South Dakota,18,117483,94798,22033,11554,4596,5883,652
Missoula,Tennessee,27,117483,94798,22033,11554,4596,5883,652
Missoula,Texas,282,117483,94798,22033,11554,4596,5883,652
Missoula,Utah,72,117483,94798,22033,11554,4596,5883,652
Missoula,Virginia,75,117483,94798,22033,11554,4596,5883,652
Missoula,Washington,754,117483,94798,22033,11554,4596,5883,652
Missoula,Wisconsin,63,117483,94798,22033,11554,4596,5883,652
Missoula,Wyoming,10,117483,94798,22033,11554,4596,5883,652
Missoula,Africa,24,117483,94798,22033,11554,4596,5883,652
Missoula,Asia,234,117483,94798,22033,11554,4596,5883,652
Missoula,Central America,121,117483,94798,22033,11554,4596,5883,652
Missoula,Europe,139,117483,94798,22033,11554,4596,5883,652
Missoula,Oceania and At Sea,128,117483,94798,22033,11554,4596,5883,652
Missoula,South America,6,117483,94798,22033,11554,4596,5883,652
Musselshell,California,12,4899,4341,558,182,193,183,
Musselshell,Indiana,9,4899,4341,558,182,193,183,
Musselshell,Iowa,5,4899,4341,558,182,193,183,
Musselshell,Kentucky,16,4899,4341,558,182,193,183,
Musselshell,Maine,1,4899,4341,558,182,193,183,
Musselshell,Montana,193,4899,4341,558,182,193,183,
Musselshell,North Dakota,21,4899,4341,558,182,193,183,
Musselshell,Ohio,8,4899,4341,558,182,193,183,
Musselshell,Oklahoma,13,4899,4341,558,182,193,183,
Musselshell,Washington,83,4899,4341,558,182,193,183,
Musselshell,Wyoming,15,4899,4341,558,182,193,183,
Park,Arizona,73,17142,14994,2105,600,434,1071,43
Park,California,183,17142,14994,2105,600,434,1071,43
Park,Colorado,12,17142,14994,2105,600,434,1071,43
Park,Florida,17,17142,14994,2105,600,434,1071,43
Park,Georgia,23,17142,14994,2105,600,434,1071,43
Park,Idaho,151,17142,14994,2105,600,434,1071,43
Park,Illinois,32,17142,14994,2105,600,434,1071,43
Park,Iowa,62,17142,14994,2105,600,434,1071,43
Park,Kansas,3,17142,14994,2105,600,434,1071,43
Park,Maine,50,17142,14994,2105,600,434,1071,43
Park,Minnesota,7,17142,14994,2105,600,434,1071,43
Park,Missouri,7,17142,14994,2105,600,434,1071,43
Park,Montana,434,17142,14994,2105,600,434,1071,43
Park,Nebraska,83,17142,14994,2105,600,434,1071,43
Park,New Hampshire,48,17142,14994,2105,600,434,1071,43
Park,New York,6,17142,14994,2105,600,434,1071,43
Park,North Carolina,31,17142,14994,2105,600,434,1071,43
Park,Ohio,21,17142,14994,2105,600,434,1071,43
Park,Oklahoma,17,17142,14994,2105,600,434,1071,43
Park,Oregon,53,17142,14994,2105,600,434,1071,43
Park,Texas,23,17142,14994,2105,600,434,1071,43
Park,Utah,19,17142,14994,2105,600,434,1071,43
Park,Washington,34,17142,14994,2105,600,434,1071,43
Park,Wisconsin,13,17142,14994,2105,600,434,1071,43
Park,Wyoming,84,17142,14994,2105,600,434,1071,43
Park,Europe,30,17142,14994,2105,600,434,1071,43
Park,Northern America,13,17142,14994,2105,600,434,1071,43
Petroleum,Minnesota,14,406,352,54,11,26,17,
Petroleum,Montana,26,406,352,54,11,26,17,
Petroleum,Wyoming,3,406,352,54,11,26,17,
Phillips,Alaska,44,4208,3825,383,159,54,170,
Phillips,Montana,54,4208,3825,383,159,54,170,
Phillips,New York,57,4208,3825,383,159,54,170,
Phillips,Ohio,53,4208,3825,383,159,54,170,
Phillips,Oregon,13,4208,3825,383,159,54,170,
Phillips,Washington,3,4208,3825,383,159,54,170,
Pondera,Alabama,5,5917,5084,814,357,264,193,19
Pondera,California,18,5917,5084,814,357,264,193,19
Pondera,Florida,48,5917,5084,814,357,264,193,19
Pondera,Idaho,3,5917,5084,814,357,264,193,19
Pondera,Illinois,27,5917,5084,814,357,264,193,19
Pondera,Montana,264,5917,5084,814,357,264,193,19
Pondera,North Dakota,1,5917,5084,814,357,264,193,19
Pondera,Oklahoma,17,5917,5084,814,357,264,193,19
Pondera,Pennsylvania,15,5917,5084,814,357,264,193,19
Pondera,Washington,59,5917,5084,814,357,264,193,19
Pondera,Asia,19,5917,5084,814,357,264,193,19
Powder River,Montana,75,1750,1546,204,33,75,96,
Powder River,North Dakota,44,1750,1546,204,33,75,96,
Powder River,Oregon,4,1750,1546,204,33,75,96,
Powder River,South Dakota,15,1750,1546,204,33,75,96,
Powder River,Texas,27,1750,1546,204,33,75,96,
Powder River,Wisconsin,3,1750,1546,204,33,75,96,
Powder River,Wyoming,3,1750,1546,204,33,75,96,
Powell,Arizona,1,6952,5634,1314,247,759,308,4
Powell,California,5,6952,5634,1314,247,759,308,4
Powell,Florida,4,6952,5634,1314,247,759,308,4
Powell,Idaho,5,6952,5634,1314,247,759,308,4
Powell,Louisiana,15,6952,5634,1314,247,759,308,4
Powell,Minnesota,1,6952,5634,1314,247,759,308,4
Powell,Missouri,33,6952,5634,1314,247,759,308,4
Powell,Montana,759,6952,5634,1314,247,759,308,4
Powell,Nevada,19,6952,5634,1314,247,759,308,4
Powell,New Mexico,2,6952,5634,1314,247,759,308,4
Powell,New York,12,6952,5634,1314,247,759,308,4
Powell,North Carolina,4,6952,5634,1314,247,759,308,4
Powell,Oklahoma,24,6952,5634,1314,247,759,308,4
Powell,Oregon,44,6952,5634,1314,247,759,308,4
Powell,South Dakota,20,6952,5634,1314,247,759,308,4
Powell,Tennessee,7,6952,5634,1314,247,759,308,4
Powell,Utah,1,6952,5634,1314,247,759,308,4
Powell,Washington,28,6952,5634,1314,247,759,308,4
Powell,Wisconsin,60,6952,5634,1314,247,759,308,4
Powell,Wyoming,23,6952,5634,1314,247,759,308,4
Powell,Europe,4,6952,5634,1314,247,759,308,4
Prairie,California,1,1283,1230,53,40,12,1,
Prairie,Montana,12,1283,1230,53,40,12,1,
Ravalli,Alabama,1,44390,39643,4671,1638,1194,1839,76
Ravalli,Alaska,51,44390,39643,4671,1638,1194,1839,76
Ravalli,Arizona,37,44390,39643,4671,1638,1194,1839,76
Ravalli,Arkansas,2,44390,39643,4671,1638,1194,1839,76
Ravalli,California,627,44390,39643,4671,1638,1194,1839,76
Ravalli,Colorado,224,44390,39643,4671,1638,1194,1839,76
Ravalli,Georgia,14,44390,39643,4671,1638,1194,1839,76
Ravalli,Idaho,25,44390,39643,4671,1638,1194,1839,76
Ravalli,Illinois,84,44390,39643,4671,1638,1194,1839,76
Ravalli,Indiana,17,44390,39643,4671,1638,1194,1839,76
Ravalli,Montana,1194,44390,39643,4671,1638,1194,1839,76
Ravalli,Nevada,24,44390,39643,4671,1638,1194,1839,76
Ravalli,New Mexico,92,44390,39643,4671,1638,1194,1839,76
Ravalli,New York,23,44390,39643,4671,1638,1194,1839,76
Ravalli,North Carolina,34,44390,39643,4671,1638,1194,1839,76
Ravalli,Oklahoma,59,44390,39643,4671,1638,1194,1839,76
Ravalli,Oregon,77,44390,39643,4671,1638,1194,1839,76
Ravalli,Pennsylvania,87,44390,39643,4671,1638,1194,1839,76
Ravalli,South Carolina,164,44390,39643,4671,1638,1194,1839,76
Ravalli,South Dakota,10,44390,39643,4671,1638,1194,1839,76
Ravalli,Texas,11,44390,39643,4671,1638,1194,1839,76
Ravalli,Utah,55,44390,39643,4671,1638,1194,1839,76
Ravalli,Washington,120,44390,39643,4671,1638,1194,1839,76
Ravalli,Wisconsin,1,44390,39643,4671,1638,1194,1839,76
Ravalli,Asia,31,44390,39643,4671,1638,1194,1839,76
Ravalli,Europe,24,44390,39643,4671,1638,1194,1839,76
Ravalli,Northern America,21,44390,39643,4671,1638,1194,1839,76
Richland,Alabama,48,11227,10175,972,426,216,330,80
Richland,Arizona,88,11227,10175,972,426,216,330,80
Richland,California,18,11227,10175,972,426,216,330,80
Richland,Maine,16,11227,10175,972,426,216,330,80
Richland,Minnesota,4,11227,10175,972,426,216,330,80
Richland,Montana,216,11227,10175,972,426,216,330,80
Richland,New Mexico,13,11227,10175,972,426,216,330,80
Richland,North Dakota,87,11227,10175,972,426,216,330,80
Richland,South Dakota,20,11227,10175,972,426,216,330,80
Richland,Wyoming,36,11227,10175,972,426,216,330,80
Richland,Africa,80,11227,10175,972,426,216,330,80
Roosevelt,Alabama,8,10681,9929,750,419,248,83,2
Roosevelt,Alaska,4,10681,9929,750,419,248,83,2
Roosevelt,Arizona,2,10681,9929,750,419,248,83,2
Roosevelt,California,1,10681,9929,750,419,248,83,2
Roosevelt,Colorado,7,10681,9929,750,419,248,83,2
Roosevelt,Idaho,4,10681,9929,750,419,248,83,2
Roosevelt,Maine,2,10681,9929,750,419,248,83,2
Roosevelt,Michigan,1,10681,9929,750,419,248,83,2
Roosevelt,Montana,248,10681,9929,750,419,248,83,2
Roosevelt,North Dakota,8,10681,9929,750,419,248,83,2
Roosevelt,South Dakota,5,10681,9929,750,419,248,83,2
Roosevelt,Texas,1,10681,9929,750,419,248,83,2
Roosevelt,Utah,23,10681,9929,750,419,248,83,2
Roosevelt,Washington,17,10681,9929,750,419,248,83,2
Roosevelt,Asia,2,10681,9929,750,419,248,83,2
Rosebud,Alaska,21,8219,7685,534,279,133,122,
Rosebud,Arizona,2,8219,7685,534,279,133,122,
Rosebud,Kansas,6,8219,7685,534,279,133,122,
Rosebud,Louisiana,30,8219,7685,534,279,133,122,
Rosebud,Michigan,4,8219,7685,534,279,133,122,
Rosebud,Missouri,5,8219,7685,534,279,133,122,
Rosebud,Montana,133,8219,7685,534,279,133,122,
Rosebud,Nevada,5,8219,7685,534,279,133,122,
Rosebud,New Hampshire,1,8219,7685,534,279,133,122,
Rosebud,Oklahoma,23,8219,7685,534,279,133,122,
Rosebud,Texas,13,8219,7685,534,279,133,122,
Rosebud,Washington,12,8219,7685,534,279,133,122,
Sanders,Alaska,18,12556,10632,1913,641,715,557,11
Sanders,Arizona,3,12556,10632,1913,641,715,557,11
Sanders,California,75,12556,10632,1913,641,715,557,11
Sanders,Colorado,40,12556,10632,1913,641,715,557,11
Sanders,Florida,8,12556,10632,1913,641,715,557,11
Sanders,Idaho,106,12556,10632,1913,641,715,557,11
Sanders,Kansas,20,12556,10632,1913,641,715,557,11
Sanders,Minnesota,10,12556,10632,1913,641,715,557,11
Sanders,Missouri,15,12556,10632,1913,641,715,557,11
Sanders,Montana,715,12556,10632,1913,641,715,557,11
Sanders,New Mexico,1,12556,10632,1913,641,715,557,11
Sanders,New York,1,12556,10632,1913,641,715,557,11
Sanders,North Carolina,72,12556,10632,1913,641,715,557,11
Sanders,Ohio,3,12556,10632,1913,641,715,557,11
Sanders,Oregon,38,12556,10632,1913,641,715,557,11
Sanders,Texas,1,12556,10632,1913,641,715,557,11
Sanders,Washington,81,12556,10632,1913,641,715,557,11
Sanders,Wisconsin,65,12556,10632,1913,641,715,557,11
Sanders,Europe,4,12556,10632,1913,641,715,557,11
Sanders,Oceania and At Sea,7,12556,10632,1913,641,715,557,11
Sheridan,California,10,3673,3395,258,93,53,112,20
Sheridan,Idaho,10,3673,3395,258,93,53,112,20
Sheridan,Illinois,7,3673,3395,258,93,53,112,20
Sheridan,Iowa,6,3673,3395,258,93,53,112,20
Sheridan,Montana,53,3673,3395,258,93,53,112,20
Sheridan,Nevada,2,3673,3395,258,93,53,112,20
Sheridan,North Dakota,6,3673,3395,258,93,53,112,20
Sheridan,Oregon,35,3673,3395,258,93,53,112,20
Sheridan,Pennsylvania,9,3673,3395,258,93,53,112,20
Sheridan,South Dakota,3,3673,3395,258,93,53,112,20
Sheridan,Texas,24,3673,3395,258,93,53,112,20
Sheridan,Asia,1,3673,3395,258,93,53,112,20
Sheridan,Caribbean,6,3673,3395,258,93,53,112,20
Sheridan,Europe,13,3673,3395,258,93,53,112,20
Silver Bow,Alabama,11,35071,29956,4997,2602,1555,840,118
Silver Bow,Alaska,10,35071,29956,4997,2602,1555,840,118
Silver Bow,Arizona,33,35071,29956,4997,2602,1555,840,118
Silver Bow,California,128,35071,29956,4997,2602,1555,840,118
Silver Bow,Colorado,63,35071,29956,4997,2602,1555,840,118
Silver Bow,Florida,32,35071,29956,4997,2602,1555,840,118
Silver Bow,Georgia,20,35071,29956,4997,2602,1555,840,118
Silver Bow,Idaho,122,35071,29956,4997,2602,1555,840,118
Silver Bow,Indiana,15,35071,29956,4997,2602,1555,840,118
Silver Bow,Iowa,4,35071,29956,4997,2602,1555,840,118
Silver Bow,Michigan,8,35071,29956,4997,2602,1555,840,118
Silver Bow,Minnesota,5,35071,29956,4997,2602,1555,840,118
Silver Bow,Missouri,60,35071,29956,4997,2602,1555,840,118
Silver Bow,Montana,1555,35071,29956,4997,2602,1555,840,118
Silver Bow,Nevada,4,35071,29956,4997,2602,1555,840,118
Silver Bow,New York,21,35071,29956,4997,2602,1555,840,118
Silver Bow,North Dakota,4,35071,29956,4997,2602,1555,840,118
Silver Bow,Ohio,11,35071,29956,4997,2602,1555,840,118
Silver Bow,Oregon,40,35071,29956,4997,2602,1555,840,118
Silver Bow,Pennsylvania,16,35071,29956,4997,2602,1555,840,118
Silver Bow,South Carolina,4,35071,29956,4997,2602,1555,840,118
Silver Bow,Tennessee,5,35071,29956,4997,2602,1555,840,118
Silver Bow,Texas,19,35071,29956,4997,2602,1555,840,118
Silver Bow,Utah,96,35071,29956,4997,2602,1555,840,118
Silver Bow,Virginia,15,35071,29956,4997,2602,1555,840,118
Silver Bow,Washington,93,35071,29956,4997,2602,1555,840,118
Silver Bow,Wyoming,1,35071,29956,4997,2602,1555,840,118
Silver Bow,Asia,118,35071,29956,4997,2602,1555,840,118
Stillwater,Alaska,4,8909,8306,603,123,302,178,
Stillwater,Arizona,65,8909,8306,603,123,302,178,
Stillwater,California,8,8909,8306,603,123,302,178,
Stillwater,Colorado,6,8909,8306,603,123,302,178,
Stillwater,Florida,1,8909,8306,603,123,302,178,
Stillwater,Idaho,12,8909,8306,603,123,302,178,
Stillwater,Michigan,13,8909,8306,603,123,302,178,
Stillwater,Montana,302,8909,8306,603,123,302,178,
Stillwater,Nebraska,19,8909,8306,603,123,302,178,
Stillwater,Nevada,2,8909,8306,603,123,302,178,
Stillwater,New Mexico,1,8909,8306,603,123,302,178,
Stillwater,Oregon,33,8909,8306,603,123,302,178,
Stillwater,Texas,1,8909,8306,603,123,302,178,
Stillwater,Utah,7,8909,8306,603,123,302,178,
Stillwater,Wisconsin,6,8909,8306,603,123,302,178,
Sweet Grass,California,20,3662,3225,437,139,151,147,
Sweet Grass,Colorado,28,3662,3225,437,139,151,147,
Sweet Grass,Montana,151,3662,3225,437,139,151,147,
Sweet Grass,New Mexico,5,3662,3225,437,139,151,147,
Sweet Grass,New York,10,3662,3225,437,139,151,147,
Sweet Grass,North Dakota,4,3662,3225,437,139,151,147,
Sweet Grass,Texas,38,3662,3225,437,139,151,147,
Sweet Grass,Washington,42,3662,3225,437,139,151,147,
Teton,Colorado,19,6161,5496,655,115,306,234,10
Teton,Idaho,30,6161,5496,655,115,306,234,10
Teton,Missouri,11,6161,5496,655,115,306,234,10
Teton,Montana,306,6161,5496,655,115,306,234,10
Teton,New York,11,6161,5496,655,115,306,234,10
Teton,North Carolina,7,6161,5496,655,115,306,234,10
Teton,North Dakota,6,6161,5496,655,115,306,234,10
Teton,Oregon,68,6161,5496,655,115,306,234,10
Teton,Pennsylvania,19,6161,5496,655,115,306,234,10
Teton,Texas,5,6161,5496,655,115,306,234,10
Teton,Washington,28,6161,5496,655,115,306,234,10
Teton,Wisconsin,29,6161,5496,655,115,306,234,10
Teton,Wyoming,1,6161,5496,655,115,306,234,10
Teton,Asia,6,6161,5496,655,115,306,234,10
Teton,Central America,4,6161,5496,655,115,306,234,10
Toole,California,1,4975,4109,856,193,463,200,10
Toole,Colorado,13,4975,4109,856,193,463,200,10
Toole,Idaho,5,4975,4109,856,193,463,200,10
Toole,Illinois,61,4975,4109,856,193,463,200,10
Toole,Maine,6,4975,4109,856,193,463,200,10
Toole,Minnesota,6,4975,4109,856,193,463,200,10
Toole,Montana,463,4975,4109,856,193,463,200,10
Toole,Nevada,3,4975,4109,856,193,463,200,10
Toole,North Carolina,55,4975,4109,856,193,463,200,10
Toole,Oklahoma,5,4975,4109,856,193,463,200,10
Toole,Oregon,19,4975,4109,856,193,463,200,10
Toole,South Dakota,3,4975,4109,856,193,463,200,10
Toole,Texas,13,4975,4109,856,193,463,200,10
Toole,Washington,9,4975,4109,856,193,463,200,10
Toole,Wyoming,1,4975,4109,856,193,463,200,10
Toole,Europe,10,4975,4109,856,193,463,200,10
Treasure,Idaho,2,676,554,122,47,48,27,
Treasure,Michigan,10,676,554,122,47,48,27,
Treasure,Montana,48,676,554,122,47,48,27,
Treasure,North Dakota,3,676,554,122,47,48,27,
Treasure,Oregon,3,676,554,122,47,48,27,
Treasure,Texas,1,676,554,122,47,48,27,
Treasure,Washington,8,676,554,122,47,48,27,
Valley,Arizona,7,7453,6974,472,165,222,85,7
Valley,Colorado,3,7453,6974,472,165,222,85,7
Valley,Idaho,30,7453,6974,472,165,222,85,7
Valley,Montana,222,7453,6974,472,165,222,85,7
Valley,North Carolina,11,7453,6974,472,165,222,85,7
Valley,North Dakota,12,7453,6974,472,165,222,85,7
Valley,Oregon,21,7453,6974,472,165,222,85,7
Valley,Washington,1,7453,6974,472,165,222,85,7
Valley,Asia,7,7453,6974,472,165,222,85,7
Wheatland,California,5,2054,1910,143,34,67,42,1
Wheatland,Minnesota,28,2054,1910,143,34,67,42,1
Wheatland,Montana,67,2054,1910,143,34,67,42,1
Wheatland,Washington,9,2054,1910,143,34,67,42,1
Wheatland,Asia,1,2054,1910,143,34,67,42,1
Wibaux,Arizona,43,1096,1012,84,27,12,45,
Wibaux,Montana,12,1096,1012,84,27,12,45,
Wibaux,North Dakota,1,1096,1012,84,27,12,45,
Wibaux,Wyoming,1,1096,1012,84,27,12,45,
Yellowstone,Alabama,21,163858,137958,25531,14432,5016,6083,369
Yellowstone,Alaska,17,163858,137958,25531,14432,5016,6083,369
Yellowstone,Arizona,422,163858,137958,25531,14432,5016,6083,369
Yellowstone,Arkansas,7,163858,137958,25531,14432,5016,6083,369
Yellowstone,California,352,163858,137958,25531,14432,5016,6083,369
Yellowstone,Colorado,692,163858,137958,25531,14432,5016,6083,369
Yellowstone,Florida,102,163858,137958,25531,14432,5016,6083,369
Yellowstone,Georgia,32,163858,137958,25531,14432,5016,6083,369
Yellowstone,Hawaii,15,163858,137958,25531,14432,5016,6083,369
Yellowstone,Idaho,156,163858,137958,25531,14432,5016,6083,369
Yellowstone,Illinois,5,163858,137958,25531,14432,5016,6083,369
Yellowstone,Indiana,89,163858,137958,25531,14432,5016,6083,369
Yellowstone,Iowa,30,163858,137958,25531,14432,5016,6083,369
Yellowstone,Kansas,15,163858,137958,25531,14432,5016,6083,369
Yellowstone,Kentucky,12,163858,137958,25531,14432,5016,6083,369
Yellowstone,Louisiana,123,163858,137958,25531,14432,5016,6083,369
Yellowstone,Massachusetts,61,163858,137958,25531,14432,5016,6083,369
Yellowstone,Michigan,8,163858,137958,25531,14432,5016,6083,369
Yellowstone,Minnesota,164,163858,137958,25531,14432,5016,6083,369
Yellowstone,Missouri,98,163858,137958,25531,14432,5016,6083,369
Yellowstone,Montana,5016,163858,137958,25531,14432,5016,6083,369
Yellowstone,Nebraska,98,163858,137958,25531,14432,5016,6083,369
Yellowstone,Nevada,283,163858,137958,25531,14432,5016,6083,369
Yellowstone,New Mexico,134,163858,137958,25531,14432,5016,6083,369
Yellowstone,New York,70,163858,137958,25531,14432,5016,6083,369
Yellowstone,North Carolina,225,163858,137958,25531,14432,5016,6083,369
Yellowstone,North Dakota,324,163858,137958,25531,14432,5016,6083,369
Yellowstone,Ohio,28,163858,137958,25531,14432,5016,6083,369
Yellowstone,Oklahoma,53,163858,137958,25531,14432,5016,6083,369
Yellowstone,Oregon,264,163858,137958,25531,14432,5016,6083,369
Yellowstone,Pennsylvania,23,163858,137958,25531,14432,5016,6083,369
Yellowstone,South Carolina,113,163858,137958,25531,14432,5016,6083,369
Yellowstone,South Dakota,72,163858,137958,25531,14432,5016,6083,369
Yellowstone,Tennessee,52,163858,137958,25531,14432,5016,6083,369
Yellowstone,Texas,101,163858,137958,25531,14432,5016,6083,369
Yellowstone,Utah,421,163858,137958,25531,14432,5016,6083,369
Yellowstone,Virginia,45,163858,137958,25531,14432,5016,6083,369
Yellowstone,Washington,754,163858,137958,25531,14432,5016,6083,369
Yellowstone,Wisconsin,55,163858,137958,25531,14432,5016,6083,369
Yellowstone,Wyoming,508,163858,137958,25531,14432,5016,6083,369
Yellowstone,Puerto Rico,38,163858,137958,25531,14432,5016,6083,369
Yellowstone,Africa,17,163858,137958,25531,14432,5016,6083,369
Yellowstone,Asia,31,163858,137958,25531,14432,5016,6083,369
Yellowstone,Central America,59,163858,137958,25531,14432,5016,6083,369
Yellowstone,Europe,60,163858,137958,25531,14432,5016,6083,369
Yellowstone,Northern America,21,163858,137958,25531,14432,5016,6083,369
Yellowstone,Oceania and At Sea,118,163858,137958,25531,14432,5016,6083,369
Yellowstone,South America,25,163858,137958,25531,14432,5016,6083,369